X axis,Y axis,schoolId,monthlyCost,maxEnrollment,buildingId
-376.750503707,1607.984321256,0,12.81244502,242,662
-2597.447677094,3194.154753088,450,91.14351385,418,943
-2539.158404053,6556.032318173,900,38.00537955,394,262
-4701.462928834,5141.762936081,1350,73.19785215,384,123
